{
  "project_info": {
    "project_number": "1075180149078",
    "firebase_url": "https://cadistudy.firebaseio.com",
    "project_id": "cadistudy",
    "storage_bucket": "cadistudy.appspot.com"
  },
  "client": [
    {
      "client_info": {
        "mobilesdk_app_id": "1:1075180149078:android:dcf7c3394cd58279",
        "android_client_info": {
          "package_name": "com.example.haams.chatactivity"
        }
      },
      "oauth_client": [
        {
          "client_id": "1075180149078-32ec31guscepgheaa95fhj62puaoms5t.apps.googleusercontent.com",
          "client_type": 3
        }
      ],
      "api_key": [
        {
          "current_key": "AIzaSyBxiMV3LrHHhJexxPPBFQFtc1CD4avKJKg"
        }
      ],
      "services": {
        "analytics_service": {
          "status": 1
        },
        "appinvite_service": {
          "status": 1,
          "other_platform_oauth_client": []
        },
        "ads_service": {
          "status": 2
        }
      }
    },
    {
      "client_info": {
        "mobilesdk_app_id": "1:1075180149078:android:11b683f9732835c8",
        "android_client_info": {
          "package_name": "com.example.sh.diary"
        }
      },
      "oauth_client": [
        {
          "client_id": "1075180149078-32ec31guscepgheaa95fhj62puaoms5t.apps.googleusercontent.com",
          "client_type": 3
        }
      ],
      "api_key": [
        {
          "current_key": "AIzaSyBxiMV3LrHHhJexxPPBFQFtc1CD4avKJKg"
        }
      ],
      "services": {
        "analytics_service": {
          "status": 1
        },
        "appinvite_service": {
          "status": 1,
          "other_platform_oauth_client": []
        },
        "ads_service": {
          "status": 2
        }
      }
    },
    {
      "client_info": {
        "mobilesdk_app_id": "1:1075180149078:android:0b18e09a123375a8",
        "android_client_info": {
          "package_name": "com.example.haams.myapplication"
        }
      },
      "oauth_client": [
        {
          "client_id": "1075180149078-32ec31guscepgheaa95fhj62puaoms5t.apps.googleusercontent.com",
          "client_type": 3
        }
      ],
      "api_key": [
        {
          "current_key": "AIzaSyBxiMV3LrHHhJexxPPBFQFtc1CD4avKJKg"
        }
      ],
      "services": {
        "analytics_service": {
          "status": 1
        },
        "appinvite_service": {
          "status": 1,
          "other_platform_oauth_client": []
        },
        "ads_service": {
          "status": 2
        }
      }
    }
  ],
  "configuration_version": "1"
}
